Datetime,Water Level (m)
2025-06-26 06:00:00,0.9031012
2025-06-26 07:00:00,1.2037508
2025-06-26 08:00:00,1.380429
2025-06-26 09:00:00,1.320897
2025-06-26 10:00:00,1.1519923
2025-06-26 11:00:00,0.9101483
2025-06-26 12:00:00,0.65866685
2025-06-26 13:00:00,0.40901327
2025-06-26 14:00:00,0.16641851
2025-06-26 15:00:00,-0.0076564946
2025-06-26 16:00:00,0.1252835
2025-06-26 17:00:00,0.4156711
2025-06-26 18:00:00,0.70227134
2025-06-26 19:00:00,0.9711879
2025-06-26 20:00:00,1.1449779
2025-06-26 21:00:00,1.0616592
2025-06-26 22:00:00,0.8436187
2025-06-26 23:00:00,0.625704
2025-06-27 00:00:00,0.3940089
2025-06-27 01:00:00,0.16581742
2025-06-27 02:00:00,-0.043368604
2025-06-27 03:00:00,-0.15483466
2025-06-27 04:00:00,0.06556218
2025-06-27 05:00:00,0.3786471
2025-06-27 06:00:00,0.7100062
2025-06-27 07:00:00,1.063117
2025-06-27 08:00:00,1.3508614
2025-06-27 09:00:00,1.3948023
2025-06-27 10:00:00,1.2378392
2025-06-27 11:00:00,1.0651283
2025-06-27 12:00:00,0.80442876
2025-06-27 13:00:00,0.54623365
2025-06-27 14:00:00,0.29104975
2025-06-27 15:00:00,0.06642441
2025-06-27 16:00:00,-0.05644881
2025-06-27 17:00:00,0.15326829
2025-06-27 18:00:00,0.44033757
2025-06-27 19:00:00,0.71247315
2025-06-27 20:00:00,0.9507598
2025-06-27 21:00:00,1.058424
2025-06-27 22:00:00,0.9168769
2025-06-27 23:00:00,0.7091707
2025-06-28 00:00:00,0.49518752
2025-06-28 01:00:00,0.26742813
2025-06-28 02:00:00,0.051090356
2025-06-28 03:00:00,-0.1478404
2025-06-28 04:00:00,-0.19453974
2025-06-28 05:00:00,0.071881995
2025-06-28 06:00:00,0.39351377
2025-06-28 07:00:00,0.73047346
2025-06-28 08:00:00,1.0742087
2025-06-28 09:00:00,1.3290694
2025-06-28 10:00:00,1.3280969
2025-06-28 11:00:00,1.1712245
2025-06-28 12:00:00,0.9373919
2025-06-28 13:00:00,0.6876047
2025-06-28 14:00:00,0.44765532
2025-06-28 15:00:00,0.19224022
2025-06-28 16:00:00,-0.007338705
2025-06-28 17:00:00,0.0061212536
2025-06-28 18:00:00,0.26505134
2025-06-28 19:00:00,0.5375285
2025-06-28 20:00:00,0.7936033
2025-06-28 21:00:00,0.9960577
2025-06-28 22:00:00,1.0398659
2025-06-28 23:00:00,0.8660339
2025-06-29 00:00:00,0.66022104
2025-06-29 01:00:00,0.44173062
2025-06-29 02:00:00,0.21729492
2025-06-29 03:00:00,0.0035014218
2025-06-29 04:00:00,-0.17071486
2025-06-29 05:00:00,-0.1141505
2025-06-29 06:00:00,0.16898705
2025-06-29 07:00:00,0.48167965
2025-06-29 08:00:00,0.8025157
2025-06-29 09:00:00,1.1051661
2025-06-29 10:00:00,1.2851846
2025-06-29 11:00:00,1.2047677
2025-06-29 12:00:00,0.99084276
2025-06-29 13:00:00,0.77186316
2025-06-29 14:00:00,0.54386985
2025-06-29 15:00:00,0.29129118
2025-06-29 16:00:00,0.07190806
2025-06-29 17:00:00,-0.08245935
2025-06-29 18:00:00,0.04127372
2025-06-29 19:00:00,0.3010414
2025-06-29 20:00:00,0.56618404
2025-06-29 21:00:00,0.8066041
2025-06-29 22:00:00,0.97663176
2025-06-29 23:00:00,0.951546
2025-06-30 00:00:00,0.76425534
2025-06-30 01:00:00,0.56515473
2025-06-30 02:00:00,0.35386878
2025-06-30 03:00:00,0.14339715
2025-06-30 04:00:00,-0.04811004
2025-06-30 05:00:00,-0.15103874
2025-06-30 06:00:00,0.040455114
2025-06-30 07:00:00,0.31875917
2025-06-30 08:00:00,0.6176077
2025-06-30 09:00:00,0.9173444
2025-06-30 10:00:00,1.1739396
2025-06-30 11:00:00,1.2639736
2025-06-30 12:00:00,1.1009035
2025-06-30 13:00:00,0.88361764
2025-06-30 14:00:00,0.65895736
2025-06-30 15:00:00,0.4382399
2025-06-30 16:00:00,0.19853967
2025-06-30 17:00:00,0.0041864086
2025-06-30 18:00:00,-0.0649009
2025-06-30 19:00:00,0.1367017
2025-06-30 20:00:00,0.3920998
2025-06-30 21:00:00,0.64175576
2025-06-30 22:00:00,0.85752726
2025-06-30 23:00:00,0.9691593
2025-07-01 00:00:00,0.8746889
2025-07-01 01:00:00,0.6929928
2025-07-01 02:00:00,0.504557
2025-07-01 03:00:00,0.30210075
2025-07-01 04:00:00,0.11358629
2025-07-01 05:00:00,-0.050381213
2025-07-01 06:00:00,-0.050484568
2025-07-01 07:00:00,0.18490648
2025-07-01 08:00:00,0.45442843
2025-07-01 09:00:00,0.73546875
2025-07-01 10:00:00,1.0021154
2025-07-01 11:00:00,1.1876265
2025-07-01 12:00:00,1.1536853
2025-07-01 13:00:00,0.9598149
2025-07-01 14:00:00,0.75602204
2025-07-01 15:00:00,0.53583616
2025-07-01 16:00:00,0.31330124
2025-07-01 17:00:00,0.11742059
2025-07-01 18:00:00,-0.033551734
2025-07-01 19:00:00,0.012980151
2025-07-01 20:00:00,0.23708688
2025-07-01 21:00:00,0.47953236
2025-07-01 22:00:00,0.71619076
2025-07-01 23:00:00,0.9070121
2025-07-02 00:00:00,0.9756035
2025-07-02 01:00:00,0.8486642
2025-07-02 02:00:00,0.6713211
2025-07-02 03:00:00,0.48635486
2025-07-02 04:00:00,0.29616785
2025-07-02 05:00:00,0.124517255
2025-07-02 06:00:00,0.019512486
